{
  "name": "Sortable",
  "main": "Sortable.js",
  "version": "1.8.4",
  "homepage": "http://SortableJS.github.io/Sortable/",
  "repo": "SortableJS/Sortable",
  "authors": [
    "RubaXa <ibnRubaXa@gmail.com>",
    "owenm <owen23355@gmail.com>"
  ],
  "description": "JavaScript library for reorderable drag-and-drop lists on modern browsers and touch devices. No jQuery required. Supports Meteor, AngularJS, React, Polymer, Vue, Knockout and any CSS library, e.g. Bootstrap.",
  "keywords": [
    "sortable",
    "reorder",
    "list",
    "html5",
    "drag",
    "and",
    "drop",
    "dnd"
  ],
  "license": "MIT",
  "ignore": [
    "node_modules",
    "bower_components",
    "test",
    "tests"
  ],

  "scripts": [
    "Sortable.js"
  ]
}
